ID,Instagram Usage,LinkedIn Usage,Snapchat Usage,Twitter Usage,Whatsapp Usage,Youtube Usage,OTT,Reddit,Trouble_falling_asleep 
masinl,3.5,4,1,5,1,2.5,14.5,2.5,No
peace,7.44,5.12,3.41,0,4.11,4.15,0,0,Yes
Patty,3.46,7,0.32,0,9.5,1.51,2,0,No
Bunny,5.23,5.19,1.18,0,5.18,2,2,0,No
tl868,0,0.35,0,0.4,3,3.3,2,1,Yes
drphy,2.2,7,0.28,0,12,7,3,0,No
trave,5.22,4,0,0,6,3,0,0,No
19!@s,7,4,3,0,10,2,3,0,Yes
yh2020,8.39,10,3.5,0,6.09,4,3,0,No
ds2134,0.1,0,0,0,1,3,0,0,No
ki567,4.35,2.08,0.25,2.25,1,1,0,0,Yes
ak2001,3.2,2.3,0.2,2.5,3.4,2.3,1.3,0,No
Harvey,5.3,1.52,1.02,0,4.02,0.54,0.51,0.01,Yes
hahah,6,3,1,1,3.25,2.3,1,0,No
AKIRA,4.39,3.45,1.25,0,6.3,3.08,1.55,7,No
vp1234,7,5,0.25,0,5,5,1,0.3,Yes
sss32,9.48,0.48,0,0.16,13.21,3.32,1.41,0,No
MVA37@S,6.48,1.55,1.52,0,6.57,0.48,2.28,0,No
2134,5.4,3.55,0,0,8.55,5.09,0,0,No
15801,15.01,3.57,7.19,0,3.21,5.1,10,0,Yes
Baiqi,0.2,0.31,0,0,8.23,0,0,0,No
